uid,phone,first,last,email
aEa2t,9788021677,Tatyana,Kunze,frank@hagenes.com
XcL0H,7349405565,Adah,Brown,ora@kilback.com
AG57g,3562902707,Jordan,Langosh,garnet@harris.co
ucHDA,8860745816,Eve,Turcotte,rebeca_becker@klein.info
I2OXt,1288373871,Russell,Volkman,randy.okon@ankunding.name
5tmzG,5205140453,Efrain,Watsica,dawn_treutel@conn.org
gaVz5,4317631232,Isadore,Tillman,conrad.weinat@osinskijakubowski.co
NNerH,4498325300,Garrick,Murray,sedrick.swaniawski@jacobson.info
YhIL5,6890166612,Geovanni,Mitchell,shannon_dicki@beier.name
tjUGv,7884966094,Karlie,Runte,mallie@bednar.net
9AwRd,3206022657,Noe,Huel,rosalinda@cremin.org
TKVK8,1608238828,Tracey,Nader,dorian_stoltenberg@kautzer.info
FckfT,4376292239,Kellie,Schinner,zoie_kovacek@franecki.com
tZgs9,6995456650,Emily,Schumm,leonora_cummings@johnsmann.org
WjUuu,9183534961,Eunice,Durgan,isabel_reichert@shields.net
sNP55,9322004847,Blanca,Terry,michelle@haley.co
5GKUt,6980522274,Audrey,Batz,shanna.powlowski@berge.info
3zaQG,9353376825,Celestino,Dickens,lurline.hahn@upton.net
EiZbT,8393743095,Salomon,Bartell,marion@lowe.net
1FZgu,1503883752,Yesenia,Wuckert,johanna_zemlak@jaskolskireynolds.org
oddWw,1511768522,Andres,Gorczany,andy_borer@fadel.biz
rPyEW,3861932669,Antonette,Rempel,florencio@marks.info
gyoeh,4433405035,Devonte,Schmitt,vaughn_haag@kundewillms.com
jnJru,2692625016,Sonia,White,shemar@brakus.biz
2YJLh,1066522269,Dawson,Lehner,lorena_oconnell@frami.name
kpRlg,9171704210,Salomon,Christiansen,joshuah@raynor.io
JkvTS,3510782170,Tyson,Eichmann,christophe.romaguera@schambergerhand.io
85cbF,9906156200,Norene,Farrell,michale@okuneva.biz
8ZQxk,8166096467,Nils,McKenzie,forrest.jenkins@koepp.net
X0DMU,5365639510,Retta,Greenfelder,rupert.windler@bechtelar.org
HwVG9,4429719274,Boyd,Hintz,derek.nicolas@toy.name
0sNnT,7623824114,Jaquan,Murazik,julian.ko@oconnell.co
E20ED,3266390457,Lisa,Waelchi,gina@cronin.io
2vwrf,2283188311,Giovanny,Rau,giovanna_jakubowski@lindgren.net
BebGl,4497493187,Mona,Orn,pink.kertzmann@dooley.biz
8Jdxa,3232450444,Manuel,Blanda,tatyana_gleichner@heidenreich.biz
xcxdn,4725664667,Christelle,Reilly,adela_nolan@grady.name
C8SGs,7056294782,Zackery,Dooley,dorothea@vonrueden.name
VvIdc,3171278277,Vernie,Wunsch,halie@quigley.name
KJIgn,6069110181,Dameon,Wilderman,itzel.mosciski@ernser.com
Y8ACD,7994557293,Elsie,Zulauf,kaycee.rolfson@eichmann.name
XddBo,7266893284,Zane,Koepp,ramona.tremblay@beahan.name
STyGL,5938212957,Ansley,Ullrich,gertrude@fritsch.info
gKBFz,5334976690,Johnpaul,Hermiston,eriberto.watsica@ankunding.co
QUTZX,1214270790,Alverta,Kuvalis,gilda@runte.biz
q4Mlg,2709018881,Ida,Cohen,linwood@borerbreitenberg.io
2zeEA,5695454550,Constantin,Jakubowski,wilhelmine@stiedemannklein.org
MBATn,5355791417,Broderick,Wyman,markus@shields.name
0FthD,9750704636,Burley,Ondricka,nick@haag.net
utEeZ,3538629779,Brennan,Quitzon,newell@dickinson.name
pdXJh,5816649312,Lindsey,Bode,reva@welch.com
k3dlx,1778854235,Kirstin,O'Conner,arely_mante@howenitzsche.info
adlR6,5371937794,Dorothea,Ferry,murphy.franecki@mohr.co
Kiy0g,3127464769,Eliezer,Davis,florian_schneider@wisozk.io
aCM10,1090696224,Jaunita,Grady,ilene@tremblaytrantow.io
uFT5S,9112931210,Carole,Padberg,elva_streich@carter.org
6Vcej,9951697080,Delilah,Denesik,forrest@willms.io
0Pxlv,3053621931,Jeremie,Thompson,stacey@beier.org
dztSd,9493608543,Terrence,Blick,asa@gottliebgoyette.info
dDyHj,4315929614,Genoveva,Eichmann,abdullah@borershields.co
gtjyH,1541575124,Ismael,Hamill,karina@ryan.com
cUQHs,6395799255,Payton,Hamill,reid_lesch@mitchellbraun.co
gaJOl,1151946397,Leanna,Boyle,king_bernier@turcotte.name
alPxC,5683050764,Stanford,Predovic,fae.marks@beatty.name
CLnvj,7549410170,Aisha,Kunze,colin@schiller.com
iRaWd,9529795566,Alessia,Abernathy,wilson@dubuque.org
uUe7f,8575739038,Oral,Keeling,emil_okon@connelly.com
yNHLt,2718553125,Malvina,Lang,marianna_weber@schmidt.biz
Tatpa,6216166818,Libbie,Lesch,ellie@kuhnconnelly.biz
Kd7V7,7106532382,Orin,Hoppe,zola.murphy@veum.name
UugAi,6438673856,Nadia,Mayer,frida_wisozk@hartmannlarkin.com
L2kIs,8095168704,Leif,Hartmann,alexanne.tromp@mills.io
lRABE,7531565330,Logan,Dickens,clyde_becker@schmeler.com
T30OP,9059875138,Adeline,Schmidt,joannie@walker.org
UZslJ,9317270602,Antwon,Koepp,reba@swaniawskiblick.info
KngGl,5589711338,Lorenza,Haag,kristoffer@turcottereinger.com
3sBKS,8971806828,Kiana,Rodriguez,leonor_sporer@prohaska.info
pMFDH,7099305615,Haskell,Herzog,alec_jerde@pacocha.io
RaNxS,2213698611,Emely,Howell,carrie_kshlerin@hilpert.com
c2CaI,1860861443,Hazel,Douglas,harmon_bartell@turcottekozey.biz
fn0By,2466067412,Allen,DuBuque,werner_dickinson@heaney.org
CU6zP,2779006719,Sammie,Vandervort,mathilde@rueckerpacocha.info
40wmc,6631488966,Royal,Adams,kaandra@hintz.name
JNOWy,8051053659,Antonia,Reinger,vivienne@moen.net
xj2v4,4315969924,Maximus,Gusikowski,andreane@spencer.org
x72zw,9158646837,Rosalinda,Cohen,claude@lakinblock.org
R51S8,9856174199,Giovani,Trantow,guillermo@walter.biz
UesO7,7466651135,Abdul,Hagenes,lolita.bergstrom@mullerjacobs.co
oEWU8,5272056627,Marlen,Weissnat,stan@ankundingbeatty.info
XmNT7,3607566057,Terence,Swaniawski,gustave@kshlerin.biz
WFr8b,6239842740,Josefina,Rutherford,chauncey_hansen@wisokyjast.name
sz0x4,4759569020,Albina,Simonis,geo@hoppe.io
0jLjQ,5410370749,Ismael,O'Keefe,marcellus@legros.info
H7sSd,4115892284,Mekhi,Bechtelar,pete@kiehn.info
OIHkA,7972536270,Merlin,Tremblay,brian@miller.org
Qf0Sy,5551880513,Adelia,Pollich,kamron@okeefe.org
LN5oy,1171477322,Onie,Kohler,hector@ritchie.name
OhQgu,2070956822,Naomi,Tillman,preston@king.io
qotg5,4686637310,Raven,O'Kon,annette@johnsrosenbaum.com
auM7r,1746919972,Trinity,Nader,bobby@medhurstkozey.co
vZ7KQ,9706944119,Marcella,Morar,willis.herman@lowe.info
9UTNx,3320908207,Electa,Ferry,destin.thompson@bahringer.io
xSO06,6918949967,Tabitha,McKenzie,willis@kuvalis.biz
TYAMv,4427162423,Israel,Ledner,morton_medhurst@legrosbins.name
GrGjA,9414568503,Eldridge,Sanford,bradford@rice.net
9HQdV,2802147773,Elmore,Robel,jamison@lefflerbergstrom.com
632AU,3142760384,Raleigh,Gaylord,maida.howe@medhurst.net
i0AjT,7381111212,Cecelia,McCullough,candace@jastbecker.io
NxVt1,2311242146,Flo,Howe,kamren_mclaughlin@lubowitz.info
D8cUZ,9514585945,Lou,Lehner,ruthie@ondricka.biz
vzCl9,4536922477,Kristin,Hyatt,shanelle.shields@oberbrunner.co
pw76p,2386275199,Kamren,Cohen,gage@purdy.info
dOOye,9618341351,Sigurd,Wilkinson,darrin_pouros@crookschamplin.biz
Vt0Ck,3446137849,Antonio,Waelchi,marcos@mccluremurphy.io
5xxZi,5025635972,Jessy,Yundt,reta@runtedach.info
uI9Ei,5633576769,Amaya,Bernhard,shirley@walsh.co
MOh6Z,6334096254,Arjun,Beahan,wilber.altenwerth@howe.biz
xkXGU,3716956241,Viviane,Mante,noemy@wehner.com
5bc8y,5736212029,Hilton,Crist,maxime@collierschneider.org
GxrE0,5037273106,Edythe,O'Connell,kasandra_howell@danielokon.co
KRmgO,3755808111,Grayson,Quitzon,berry@lockman.biz
EJUnn,1418407517,Isadore,Eichmann,anahi_jaskolski@gutmann.co
WKM8C,1198257750,Jared,Lakin,moriah_rempel@west.io
wkCQM,2728847042,Salomon,Kuhic,sunny.welch@wolf.info
gE4jl,6133038971,Kirstin,Howe,bernadette@hermann.net
GA5DA,9527560287,Leopold,O'Reilly,ewald@dooleypaucek.io
M0dZQ,7414110764,Ismael,Cohen,leanna.nienow@renner.co
zqAAm,6193382504,Maryse,Shields,dorothea.funk@halvorsonritchie.net
MAEk6,2608116080,Kenneth,Schmitt,oswald.batz@bechtelar.name
VZmHZ,6956994684,Constantin,Harber,eliezer_fritsch@koelpin.org
KPfaV,3136264197,Laura,Von,isabella@sipes.net
Tpf3T,7772887151,Jennie,Denesik,rhiannon.toy@abernathy.info
NGQRv,9897019469,Laurel,Rowe,leif.kerluke@gibson.name
XxjB3,4972971584,Polly,Ortiz,jamison@ohara.net
EAnuK,3188387144,Yesenia,Sanford,breanna@fay.info
VvuJV,5322678227,Tyler,Cohen,kaley@gerlach.net
WlfEW,8753369363,Guadalupe,Grant,isom@greenfeldernolan.org
fWkSU,4483368429,Jana,Konopelski,reece@howelldamore.io
Pku7F,3406231793,Viola,Morissette,anastacio_balistreri@hermistonweber.co
19d7T,8066881781,Clemens,Bayer,hailee_gulgowski@doylemorar.io
aNDbf,4256245040,Rhett,Mayert,aditya_treutel@kelerhirthe.co
r5nqN,5711513581,Megane,Cohen,maxime_marks@jakubowski.org
aVGuW,1515289317,Opal,Simonis,gracie_hoppe@beattyharber.info
xg4lp,6802897116,Josianne,Heller,mathew@hartmann.net
56pMj,8712957933,Constance,Cole,favian.fay@douglas.org
ZMlNK,7032542681,Emmitt,Kris,ulices@kuhn.io
JC4Wq,4644141660,Rogers,Davis,manley@stehrschmidt.com
cvpE1,6423890682,Emmalee,Cummings,elaina.mante@huel.info
wOesr,1904596481,Lilly,Ward,oleta.bergnaum@kohlerrice.com
WyvIX,9438737714,Cristian,Oberbrunner,benton@torphy.info
Gq7wl,6486396914,Conner,Kris,katelin@weberoconner.biz
Hh5Ol,4685878279,Colten,Farrell,terence@hansen.org
KgsBx,8213859398,Shawn,Will,jonas@waelchi.name
CV5tl,6127521903,Winona,Carter,claire.bartoletti@jenkins.io
AROX0,4677054994,Gracie,Adams,guadalupe@watsica.org
HShqv,8467939736,George,Olson,ned_ward@kihn.co
YNQk0,8234437216,Valentin,Tillman,alfonso_torp@gleason.name
FfLAn,7891393423,Noel,Pfannerstill,casandra_dickinson@west.info
Gbj7z,3152692222,Coy,Lindgren,macy.hyatt@oreillyweinat.io
TP2mA,5644270161,Kareem,McCullough,estella@schimmel.co
Oi9BI,6563196410,Myrtis,Jacobi,rozella.parker@okeefespencer.name
TbJ6A,4365403256,Esperanza,Mertz,retha_wunsch@parker.co
smL4a,5201386224,Jennie,Johnson,christian@abshireblick.name
o13MA,9801093416,Kyle,Breitenberg,andrew.pfeffer@williamsonmurazik.io
EqEPp,2415656788,Margie,Ryan,elinor_schuster@davis.io
ZVfU0,6063329436,Isadore,Bartell,camren@kshlerinkoelpin.net
fEhWq,1049283124,Presley,Funk,norene@ryanstoltenberg.net
KYGCR,1723705977,Salomon,Borer,laura_schinner@oberbrunner.biz
tF1EJ,9235008917,Mackenzie,Gibson,haven@brekkeharvey.net
0Zqx5,2202434393,Tracey,Harvey,woodrow@langworth.biz
F9KQv,1550555386,Clara,Langworth,rusty@leuschke.net
t5Vjr,7140974551,Janiya,Kautzer,ru@spencer.net
2FCzc,1041190904,Mae,Wyman,caitlyn@connhudson.net
BgPTo,4505266030,Sylvester,Jast,aniya_lesch@runolfsdottir.name
2WpBQ,3336211127,Ines,Steuber,nellie_kunze@schroederhoeger.io
un8KK,5189907568,Mozelle,Ziemann,marcelina.hartmann@homenick.co
hw5RS,1632838009,Dakota,Hand,janis_torp@feil.info
nT1N4,7786935433,Deangelo,Cohen,alden_greenfelder@labadiekeler.com
HptNO,3910637644,Damion,Tremblay,tod_walker@bernier.name
aCpU8,4082793685,Bettie,Casper,imogene_crist@ledner.io
MTU0H,2542205401,Regan,Reilly,granville.kiehn@dickibergnaum.info
9raHA,5640908548,Madisyn,Cohen,sasha@kertzmannlind.io
GdaF2,1853086851,Carmen,Kessler,grover@emard.biz
MnUA5,1403876031,Jordan,Morissette,myrtle_kuvalis@collier.name
QuaBG,8276009190,Maryse,Kulas,nicklaus_macejkovic@hellerokon.org
AHfBH,1055019767,Mckayla,Hand,thalia@streich.co
y4Cg0,8515738005,Lisandro,Feest,ivory@schmidt.co
y6PPA,8452831942,William,Wisozk,luis@goldnergreenholt.io
1twcE,8769670022,Van,Williamson,jeyca@little.biz
8P3Ry,6371435161,Gretchen,Prosacco,delta_pfannerstill@batzmurazik.net
Zk3f1,2077620145,Kasey,Cohen,ora.kunze@senger.name
fsvsm,9420634164,Ceasar,Pfannerstill,randy.schumm@moen.com
PsdAd,1605516562,Salomon,Schowalter,christian@oreilly.info
HkhUo,5534887511,Vance,Adams,brycen.parisian@hills.co
ZIJE3,3634663172,Howard,Hilll,garnett@cummeratacartwright.name
7fyeK,7368759302,Rene,Schroeder,freda@berge.co
Fx6cq,3388643787,Wendy,Schaden,sunny@witting.org
wjnpv,1424212337,Willow,Bogisich,danielle@turnergreen.io
tE43s,7179168201,Miles,Casper,llewellyn_thiel@kuphal.name
aTwnB,8939646384,Cesar,Hessel,adrianna.kulas@wintheiser.co
